experiment,git_hash,seed,tta_level,train_epochs,batch_size,lr,momentum,weight_decay,label_smoothing,whiten_bias_epochs,gpu_name,gpu_count,instance,run,total_time_seconds,final_tta_acc
grid_tta0_ep9.0,4503c63e22d27982c195b23d3d9b3f96d19bc2be,,0,9.0,1024,11.5,0.85,0.0153,0.2,3,NVIDIA A100 80GB PCIe,1,unknown,,10.77552710723877,0.9317999482154846
grid_tta0_ep9.0,4503c63e22d27982c195b23d3d9b3f96d19bc2be,,0,9.0,1024,11.5,0.85,0.0153,0.2,3,NVIDIA A100 80GB PCIe,1,unknown,,3.5943791017532343,0.9284999966621399
grid_tta0_ep9.0,4503c63e22d27982c195b23d3d9b3f96d19bc2be,,0,9.0,1024,11.5,0.85,0.0153,0.2,3,NVIDIA A100 80GB PCIe,1,unknown,,3.505023287296296,0.9302999973297119
grid_tta0_ep9.0,4503c63e22d27982c195b23d3d9b3f96d19bc2be,,0,9.0,1024,11.5,0.85,0.0153,0.2,3,NVIDIA A100 80GB PCIe,1,unknown,,3.5954510781764983,0.9337999820709229
grid_tta0_ep9.0,4503c63e22d27982c195b23d3d9b3f96d19bc2be,,0,9.0,1024,11.5,0.85,0.0153,0.2,3,NVIDIA A100 80GB PCIe,1,unknown,,3.605608444929123,0.9300999641418457
grid_tta0_ep9.0,4503c63e22d27982c195b23d3d9b3f96d19bc2be,,0,9.0,1024,11.5,0.85,0.0153,0.2,3,NVIDIA A100 80GB PCIe,1,unknown,,3.609147231578827,0.9315999746322632
grid_tta0_ep9.0,4503c63e22d27982c195b23d3d9b3f96d19bc2be,,0,9.0,1024,11.5,0.85,0.0153,0.2,3,NVIDIA A100 80GB PCIe,1,unknown,,3.6214250984191887,0.9323999881744385
grid_tta0_ep9.0,4503c63e22d27982c195b23d3d9b3f96d19bc2be,,0,9.0,1024,11.5,0.85,0.0153,0.2,3,NVIDIA A100 80GB PCIe,1,unknown,,3.625271250247956,0.9316999912261963
grid_tta0_ep9.0,4503c63e22d27982c195b23d3d9b3f96d19bc2be,,0,9.0,1024,11.5,0.85,0.0153,0.2,3,NVIDIA A100 80GB PCIe,1,unknown,,3.617824101686478,0.9289000034332275
grid_tta0_ep9.0,4503c63e22d27982c195b23d3d9b3f96d19bc2be,,0,9.0,1024,11.5,0.85,0.0153,0.2,3,NVIDIA A100 80GB PCIe,1,unknown,,3.6219557952880863,0.9276999831199646
grid_tta0_ep9.9,4503c63e22d27982c195b23d3d9b3f96d19bc2be,,0,9.9,1024,11.5,0.85,0.0153,0.2,3,NVIDIA A100 80GB PCIe,1,unknown,,11.449470182418821,0.9305999875068665
grid_tta0_ep9.9,4503c63e22d27982c195b23d3d9b3f96d19bc2be,,0,9.9,1024,11.5,0.85,0.0153,0.2,3,NVIDIA A100 80GB PCIe,1,unknown,,3.9784384446144108,0.9315999746322632
grid_tta0_ep9.9,4503c63e22d27982c195b23d3d9b3f96d19bc2be,,0,9.9,1024,11.5,0.85,0.0153,0.2,3,NVIDIA A100 80GB PCIe,1,unknown,,3.9856932578086854,0.9320999979972839
grid_tta0_ep9.9,4503c63e22d27982c195b23d3d9b3f96d19bc2be,,0,9.9,1024,11.5,0.85,0.0153,0.2,3,NVIDIA A100 80GB PCIe,1,unknown,,3.8946574473381044,0.9329999685287476
grid_tta0_ep9.9,4503c63e22d27982c195b23d3d9b3f96d19bc2be,,0,9.9,1024,11.5,0.85,0.0153,0.2,3,NVIDIA A100 80GB PCIe,1,unknown,,3.976614688158035,0.9321999549865723
grid_tta0_ep9.9,4503c63e22d27982c195b23d3d9b3f96d19bc2be,,0,9.9,1024,11.5,0.85,0.0153,0.2,3,NVIDIA A100 80GB PCIe,1,unknown,,3.987872384786606,0.9314999580383301
grid_tta0_ep9.9,4503c63e22d27982c195b23d3d9b3f96d19bc2be,,0,9.9,1024,11.5,0.85,0.0153,0.2,3,NVIDIA A100 80GB PCIe,1,unknown,,3.9816936998367316,0.9328999519348145
grid_tta0_ep9.9,4503c63e22d27982c195b23d3d9b3f96d19bc2be,,0,9.9,1024,11.5,0.85,0.0153,0.2,3,NVIDIA A100 80GB PCIe,1,unknown,,3.988783446073532,0.9321999549865723
grid_tta0_ep9.9,4503c63e22d27982c195b23d3d9b3f96d19bc2be,,0,9.9,1024,11.5,0.85,0.0153,0.2,3,NVIDIA A100 80GB PCIe,1,unknown,,3.9874275071620944,0.9319999814033508
grid_tta0_ep9.9,4503c63e22d27982c195b23d3d9b3f96d19bc2be,,0,9.9,1024,11.5,0.85,0.0153,0.2,3,NVIDIA A100 80GB PCIe,1,unknown,,3.9921073696613307,0.9328999519348145
grid_tta0_ep11.0,4503c63e22d27982c195b23d3d9b3f96d19bc2be,,0,11.0,1024,11.5,0.85,0.0153,0.2,3,NVIDIA A100 80GB PCIe,1,unknown,,11.793321731567385,0.9301999807357788
grid_tta0_ep11.0,4503c63e22d27982c195b23d3d9b3f96d19bc2be,,0,11.0,1024,11.5,0.85,0.0153,0.2,3,NVIDIA A100 80GB PCIe,1,unknown,,4.400215565443038,0.9333999752998352
grid_tta0_ep11.0,4503c63e22d27982c195b23d3d9b3f96d19bc2be,,0,11.0,1024,11.5,0.85,0.0153,0.2,3,NVIDIA A100 80GB PCIe,1,unknown,,4.400961366415023,0.9345999956130981
grid_tta0_ep11.0,4503c63e22d27982c195b23d3d9b3f96d19bc2be,,0,11.0,1024,11.5,0.85,0.0153,0.2,3,NVIDIA A100 80GB PCIe,1,unknown,,4.4003265638351445,0.9335999488830566
grid_tta0_ep11.0,4503c63e22d27982c195b23d3d9b3f96d19bc2be,,0,11.0,1024,11.5,0.85,0.0153,0.2,3,NVIDIA A100 80GB PCIe,1,unknown,,4.417300039291383,0.9350999593734741
grid_tta0_ep11.0,4503c63e22d27982c195b23d3d9b3f96d19bc2be,,0,11.0,1024,11.5,0.85,0.0153,0.2,3,NVIDIA A100 80GB PCIe,1,unknown,,4.319807651519775,0.9341999888420105
grid_tta0_ep11.0,4503c63e22d27982c195b23d3d9b3f96d19bc2be,,0,11.0,1024,11.5,0.85,0.0153,0.2,3,NVIDIA A100 80GB PCIe,1,unknown,,4.408957244634628,0.9343999624252319
grid_tta0_ep11.0,4503c63e22d27982c195b23d3d9b3f96d19bc2be,,0,11.0,1024,11.5,0.85,0.0153,0.2,3,NVIDIA A100 80GB PCIe,1,unknown,,4.3226167571544645,0.9355999827384949
grid_tta0_ep11.0,4503c63e22d27982c195b23d3d9b3f96d19bc2be,,0,11.0,1024,11.5,0.85,0.0153,0.2,3,NVIDIA A100 80GB PCIe,1,unknown,,4.401093087673187,0.9350000023841858
grid_tta0_ep11.0,4503c63e22d27982c195b23d3d9b3f96d19bc2be,,0,11.0,1024,11.5,0.85,0.0153,0.2,3,NVIDIA A100 80GB PCIe,1,unknown,,4.412853195190429,0.9341999888420105
grid_tta0_ep12.0,4503c63e22d27982c195b23d3d9b3f96d19bc2be,,0,12.0,1024,11.5,0.85,0.0153,0.2,3,NVIDIA A100 80GB PCIe,1,unknown,,12.048188489913942,0.9333999752998352
grid_tta0_ep12.0,4503c63e22d27982c195b23d3d9b3f96d19bc2be,,0,12.0,1024,11.5,0.85,0.0153,0.2,3,NVIDIA A100 80GB PCIe,1,unknown,,4.791158994436265,0.9359999895095825
grid_tta0_ep12.0,4503c63e22d27982c195b23d3d9b3f96d19bc2be,,0,12.0,1024,11.5,0.85,0.0153,0.2,3,NVIDIA A100 80GB PCIe,1,unknown,,4.798504373550415,0.9354999661445618
grid_tta0_ep12.0,4503c63e22d27982c195b23d3d9b3f96d19bc2be,,0,12.0,1024,11.5,0.85,0.0153,0.2,3,NVIDIA A100 80GB PCIe,1,unknown,,4.802325399637223,0.9361000061035156
grid_tta0_ep12.0,4503c63e22d27982c195b23d3d9b3f96d19bc2be,,0,12.0,1024,11.5,0.85,0.0153,0.2,3,NVIDIA A100 80GB PCIe,1,unknown,,4.722689729213714,0.9359999895095825
grid_tta0_ep12.0,4503c63e22d27982c195b23d3d9b3f96d19bc2be,,0,12.0,1024,11.5,0.85,0.0153,0.2,3,NVIDIA A100 80GB PCIe,1,unknown,,4.720446041107178,0.9375
grid_tta0_ep12.0,4503c63e22d27982c195b23d3d9b3f96d19bc2be,,0,12.0,1024,11.5,0.85,0.0153,0.2,3,NVIDIA A100 80GB PCIe,1,unknown,,4.806725558519364,0.935699999332428
grid_tta0_ep12.0,4503c63e22d27982c195b23d3d9b3f96d19bc2be,,0,12.0,1024,11.5,0.85,0.0153,0.2,3,NVIDIA A100 80GB PCIe,1,unknown,,4.81620870423317,0.9350999593734741
grid_tta0_ep12.0,4503c63e22d27982c195b23d3d9b3f96d19bc2be,,0,12.0,1024,11.5,0.85,0.0153,0.2,3,NVIDIA A100 80GB PCIe,1,unknown,,4.811671744346619,0.9329999685287476
grid_tta0_ep12.0,4503c63e22d27982c195b23d3d9b3f96d19bc2be,,0,12.0,1024,11.5,0.85,0.0153,0.2,3,NVIDIA A100 80GB PCIe,1,unknown,,4.815167755365371,0.9345999956130981
grid_tta0_ep13.0,4503c63e22d27982c195b23d3d9b3f96d19bc2be,,0,13.0,1024,11.5,0.85,0.0153,0.2,3,NVIDIA A100 80GB PCIe,1,unknown,,12.454008895874026,0.9350999593734741
grid_tta0_ep13.0,4503c63e22d27982c195b23d3d9b3f96d19bc2be,,0,13.0,1024,11.5,0.85,0.0153,0.2,3,NVIDIA A100 80GB PCIe,1,unknown,,5.170977353334426,0.9353999495506287
grid_tta0_ep13.0,4503c63e22d27982c195b23d3d9b3f96d19bc2be,,0,13.0,1024,11.5,0.85,0.0153,0.2,3,NVIDIA A100 80GB PCIe,1,unknown,,5.082738141298294,0.9350000023841858
grid_tta0_ep13.0,4503c63e22d27982c195b23d3d9b3f96d19bc2be,,0,13.0,1024,11.5,0.85,0.0153,0.2,3,NVIDIA A100 80GB PCIe,1,unknown,,5.086698335170747,0.9372999668121338
grid_tta0_ep13.0,4503c63e22d27982c195b23d3d9b3f96d19bc2be,,0,13.0,1024,11.5,0.85,0.0153,0.2,3,NVIDIA A100 80GB PCIe,1,unknown,,5.0892165224552155,0.936199963092804
grid_tta0_ep13.0,4503c63e22d27982c195b23d3d9b3f96d19bc2be,,0,13.0,1024,11.5,0.85,0.0153,0.2,3,NVIDIA A100 80GB PCIe,1,unknown,,5.0935259289741515,0.937999963760376
grid_tta0_ep13.0,4503c63e22d27982c195b23d3d9b3f96d19bc2be,,0,13.0,1024,11.5,0.85,0.0153,0.2,3,NVIDIA A100 80GB PCIe,1,unknown,,5.18030766415596,0.9357999563217163
grid_tta0_ep13.0,4503c63e22d27982c195b23d3d9b3f96d19bc2be,,0,13.0,1024,11.5,0.85,0.0153,0.2,3,NVIDIA A100 80GB PCIe,1,unknown,,5.189644034147263,0.9366999864578247
grid_tta0_ep13.0,4503c63e22d27982c195b23d3d9b3f96d19bc2be,,0,13.0,1024,11.5,0.85,0.0153,0.2,3,NVIDIA A100 80GB PCIe,1,unknown,,5.186872932434082,0.9346999526023865
grid_tta0_ep13.0,4503c63e22d27982c195b23d3d9b3f96d19bc2be,,0,13.0,1024,11.5,0.85,0.0153,0.2,3,NVIDIA A100 80GB PCIe,1,unknown,,5.1831587731838225,0.9332999587059021
grid_tta1_ep9.0,4503c63e22d27982c195b23d3d9b3f96d19bc2be,,1,9.0,1024,11.5,0.85,0.0153,0.2,3,NVIDIA A100 80GB PCIe,1,unknown,,11.032772693634035,0.9377999901771545
grid_tta1_ep9.0,4503c63e22d27982c195b23d3d9b3f96d19bc2be,,1,9.0,1024,11.5,0.85,0.0153,0.2,3,NVIDIA A100 80GB PCIe,1,unknown,,3.6727117187976837,0.9357999563217163
grid_tta1_ep9.0,4503c63e22d27982c195b23d3d9b3f96d19bc2be,,1,9.0,1024,11.5,0.85,0.0153,0.2,3,NVIDIA A100 80GB PCIe,1,unknown,,3.6768584008216854,0.9343999624252319
grid_tta1_ep9.0,4503c63e22d27982c195b23d3d9b3f96d19bc2be,,1,9.0,1024,11.5,0.85,0.0153,0.2,3,NVIDIA A100 80GB PCIe,1,unknown,,3.6755723619461063,0.9368999600410461
grid_tta1_ep9.0,4503c63e22d27982c195b23d3d9b3f96d19bc2be,,1,9.0,1024,11.5,0.85,0.0153,0.2,3,NVIDIA A100 80GB PCIe,1,unknown,,3.672773352384567,0.9386000037193298
grid_tta1_ep9.0,4503c63e22d27982c195b23d3d9b3f96d19bc2be,,1,9.0,1024,11.5,0.85,0.0153,0.2,3,NVIDIA A100 80GB PCIe,1,unknown,,3.67697263264656,0.937999963760376
grid_tta1_ep9.0,4503c63e22d27982c195b23d3d9b3f96d19bc2be,,1,9.0,1024,11.5,0.85,0.0153,0.2,3,NVIDIA A100 80GB PCIe,1,unknown,,3.594595394611359,0.9363999962806702
grid_tta1_ep9.0,4503c63e22d27982c195b23d3d9b3f96d19bc2be,,1,9.0,1024,11.5,0.85,0.0153,0.2,3,NVIDIA A100 80GB PCIe,1,unknown,,3.5973068172931675,0.9388999938964844
grid_tta1_ep9.0,4503c63e22d27982c195b23d3d9b3f96d19bc2be,,1,9.0,1024,11.5,0.85,0.0153,0.2,3,NVIDIA A100 80GB PCIe,1,unknown,,3.5978570308685294,0.9354999661445618
grid_tta1_ep9.0,4503c63e22d27982c195b23d3d9b3f96d19bc2be,,1,9.0,1024,11.5,0.85,0.0153,0.2,3,NVIDIA A100 80GB PCIe,1,unknown,,3.6824019458293917,0.9351999759674072
grid_tta1_ep9.9,4503c63e22d27982c195b23d3d9b3f96d19bc2be,,1,9.9,1024,11.5,0.85,0.0153,0.2,3,NVIDIA A100 80GB PCIe,1,unknown,,12.11951481246948,0.9380999803543091
grid_tta1_ep9.9,4503c63e22d27982c195b23d3d9b3f96d19bc2be,,1,9.9,1024,11.5,0.85,0.0153,0.2,3,NVIDIA A100 80GB PCIe,1,unknown,,4.028414245128632,0.9365999698638916
grid_tta1_ep9.9,4503c63e22d27982c195b23d3d9b3f96d19bc2be,,1,9.9,1024,11.5,0.85,0.0153,0.2,3,NVIDIA A100 80GB PCIe,1,unknown,,3.950999521493912,0.9389999508857727
grid_tta1_ep9.9,4503c63e22d27982c195b23d3d9b3f96d19bc2be,,1,9.9,1024,11.5,0.85,0.0153,0.2,3,NVIDIA A100 80GB PCIe,1,unknown,,3.950888536691665,0.9386000037193298
grid_tta1_ep9.9,4503c63e22d27982c195b23d3d9b3f96d19bc2be,,1,9.9,1024,11.5,0.85,0.0153,0.2,3,NVIDIA A100 80GB PCIe,1,unknown,,4.0341649980545045,0.9383999705314636
grid_tta1_ep9.9,4503c63e22d27982c195b23d3d9b3f96d19bc2be,,1,9.9,1024,11.5,0.85,0.0153,0.2,3,NVIDIA A100 80GB PCIe,1,unknown,,3.947885438680649,0.937999963760376
grid_tta1_ep9.9,4503c63e22d27982c195b23d3d9b3f96d19bc2be,,1,9.9,1024,11.5,0.85,0.0153,0.2,3,NVIDIA A100 80GB PCIe,1,unknown,,3.947071361064911,0.9387999773025513
grid_tta1_ep9.9,4503c63e22d27982c195b23d3d9b3f96d19bc2be,,1,9.9,1024,11.5,0.85,0.0153,0.2,3,NVIDIA A100 80GB PCIe,1,unknown,,4.045930209636688,0.9394999742507935
grid_tta1_ep9.9,4503c63e22d27982c195b23d3d9b3f96d19bc2be,,1,9.9,1024,11.5,0.85,0.0153,0.2,3,NVIDIA A100 80GB PCIe,1,unknown,,4.039246098518372,0.937999963760376
grid_tta1_ep9.9,4503c63e22d27982c195b23d3d9b3f96d19bc2be,,1,9.9,1024,11.5,0.85,0.0153,0.2,3,NVIDIA A100 80GB PCIe,1,unknown,,4.047295063018799,0.9380999803543091
grid_tta1_ep11.0,4503c63e22d27982c195b23d3d9b3f96d19bc2be,,1,11.0,1024,11.5,0.85,0.0153,0.2,3,NVIDIA A100 80GB PCIe,1,unknown,,12.039140727996829,0.9386999607086182
grid_tta1_ep11.0,4503c63e22d27982c195b23d3d9b3f96d19bc2be,,1,11.0,1024,11.5,0.85,0.0153,0.2,3,NVIDIA A100 80GB PCIe,1,unknown,,4.442304812669755,0.9402999877929688
grid_tta1_ep11.0,4503c63e22d27982c195b23d3d9b3f96d19bc2be,,1,11.0,1024,11.5,0.85,0.0153,0.2,3,NVIDIA A100 80GB PCIe,1,unknown,,4.353400572299957,0.9408999681472778
grid_tta1_ep11.0,4503c63e22d27982c195b23d3d9b3f96d19bc2be,,1,11.0,1024,11.5,0.85,0.0153,0.2,3,NVIDIA A100 80GB PCIe,1,unknown,,4.437462966918945,0.9411999583244324
grid_tta1_ep11.0,4503c63e22d27982c195b23d3d9b3f96d19bc2be,,1,11.0,1024,11.5,0.85,0.0153,0.2,3,NVIDIA A100 80GB PCIe,1,unknown,,4.34767577123642,0.9399999976158142
grid_tta1_ep11.0,4503c63e22d27982c195b23d3d9b3f96d19bc2be,,1,11.0,1024,11.5,0.85,0.0153,0.2,3,NVIDIA A100 80GB PCIe,1,unknown,,4.453677997350692,0.9396999478340149
grid_tta1_ep11.0,4503c63e22d27982c195b23d3d9b3f96d19bc2be,,1,11.0,1024,11.5,0.85,0.0153,0.2,3,NVIDIA A100 80GB PCIe,1,unknown,,4.448244611978531,0.9384999871253967
grid_tta1_ep11.0,4503c63e22d27982c195b23d3d9b3f96d19bc2be,,1,11.0,1024,11.5,0.85,0.0153,0.2,3,NVIDIA A100 80GB PCIe,1,unknown,,4.447412078857422,0.9422000050544739
grid_tta1_ep11.0,4503c63e22d27982c195b23d3d9b3f96d19bc2be,,1,11.0,1024,11.5,0.85,0.0153,0.2,3,NVIDIA A100 80GB PCIe,1,unknown,,4.359570913076401,0.9400999546051025
grid_tta1_ep11.0,4503c63e22d27982c195b23d3d9b3f96d19bc2be,,1,11.0,1024,11.5,0.85,0.0153,0.2,3,NVIDIA A100 80GB PCIe,1,unknown,,4.3659106259346006,0.9418999552726746
grid_tta1_ep12.0,4503c63e22d27982c195b23d3d9b3f96d19bc2be,,1,12.0,1024,11.5,0.85,0.0153,0.2,3,NVIDIA A100 80GB PCIe,1,unknown,,12.59794593048096,0.9393999576568604
grid_tta1_ep12.0,4503c63e22d27982c195b23d3d9b3f96d19bc2be,,1,12.0,1024,11.5,0.85,0.0153,0.2,3,NVIDIA A100 80GB PCIe,1,unknown,,4.819626490831376,0.9419999718666077
grid_tta1_ep12.0,4503c63e22d27982c195b23d3d9b3f96d19bc2be,,1,12.0,1024,11.5,0.85,0.0153,0.2,3,NVIDIA A100 80GB PCIe,1,unknown,,4.8202490952014925,0.9423999786376953
grid_tta1_ep12.0,4503c63e22d27982c195b23d3d9b3f96d19bc2be,,1,12.0,1024,11.5,0.85,0.0153,0.2,3,NVIDIA A100 80GB PCIe,1,unknown,,4.7418791587352755,0.9417999982833862
grid_tta1_ep12.0,4503c63e22d27982c195b23d3d9b3f96d19bc2be,,1,12.0,1024,11.5,0.85,0.0153,0.2,3,NVIDIA A100 80GB PCIe,1,unknown,,4.831656414031982,0.9395999908447266
grid_tta1_ep12.0,4503c63e22d27982c195b23d3d9b3f96d19bc2be,,1,12.0,1024,11.5,0.85,0.0153,0.2,3,NVIDIA A100 80GB PCIe,1,unknown,,4.844920879364014,0.9442999958992004
grid_tta1_ep12.0,4503c63e22d27982c195b23d3d9b3f96d19bc2be,,1,12.0,1024,11.5,0.85,0.0153,0.2,3,NVIDIA A100 80GB PCIe,1,unknown,,4.751853504180908,0.9411999583244324
grid_tta1_ep12.0,4503c63e22d27982c195b23d3d9b3f96d19bc2be,,1,12.0,1024,11.5,0.85,0.0153,0.2,3,NVIDIA A100 80GB PCIe,1,unknown,,4.839742604970931,0.9413999915122986
grid_tta1_ep12.0,4503c63e22d27982c195b23d3d9b3f96d19bc2be,,1,12.0,1024,11.5,0.85,0.0153,0.2,3,NVIDIA A100 80GB PCIe,1,unknown,,4.835496481180192,0.9413999915122986
grid_tta1_ep12.0,4503c63e22d27982c195b23d3d9b3f96d19bc2be,,1,12.0,1024,11.5,0.85,0.0153,0.2,3,NVIDIA A100 80GB PCIe,1,unknown,,4.841854613780975,0.9434999823570251
grid_tta1_ep13.0,4503c63e22d27982c195b23d3d9b3f96d19bc2be,,1,13.0,1024,11.5,0.85,0.0153,0.2,3,NVIDIA A100 80GB PCIe,1,unknown,,12.503515262603761,0.9420999884605408
grid_tta1_ep13.0,4503c63e22d27982c195b23d3d9b3f96d19bc2be,,1,13.0,1024,11.5,0.85,0.0153,0.2,3,NVIDIA A100 80GB PCIe,1,unknown,,5.19872246479988,0.9436999559402466
grid_tta1_ep13.0,4503c63e22d27982c195b23d3d9b3f96d19bc2be,,1,13.0,1024,11.5,0.85,0.0153,0.2,3,NVIDIA A100 80GB PCIe,1,unknown,,5.110231374263764,0.9407999515533447
grid_tta1_ep13.0,4503c63e22d27982c195b23d3d9b3f96d19bc2be,,1,13.0,1024,11.5,0.85,0.0153,0.2,3,NVIDIA A100 80GB PCIe,1,unknown,,5.191494843006135,0.9423999786376953
grid_tta1_ep13.0,4503c63e22d27982c195b23d3d9b3f96d19bc2be,,1,13.0,1024,11.5,0.85,0.0153,0.2,3,NVIDIA A100 80GB PCIe,1,unknown,,5.124259217500686,0.94159996509552
grid_tta1_ep13.0,4503c63e22d27982c195b23d3d9b3f96d19bc2be,,1,13.0,1024,11.5,0.85,0.0153,0.2,3,NVIDIA A100 80GB PCIe,1,unknown,,5.126035223007202,0.9423999786376953
grid_tta1_ep13.0,4503c63e22d27982c195b23d3d9b3f96d19bc2be,,1,13.0,1024,11.5,0.85,0.0153,0.2,3,NVIDIA A100 80GB PCIe,1,unknown,,5.214626765012741,0.9441999793052673
grid_tta1_ep13.0,4503c63e22d27982c195b23d3d9b3f96d19bc2be,,1,13.0,1024,11.5,0.85,0.0153,0.2,3,NVIDIA A100 80GB PCIe,1,unknown,,5.219693770885467,0.9434999823570251
grid_tta1_ep13.0,4503c63e22d27982c195b23d3d9b3f96d19bc2be,,1,13.0,1024,11.5,0.85,0.0153,0.2,3,NVIDIA A100 80GB PCIe,1,unknown,,5.221444680213928,0.939799964427948
grid_tta1_ep13.0,4503c63e22d27982c195b23d3d9b3f96d19bc2be,,1,13.0,1024,11.5,0.85,0.0153,0.2,3,NVIDIA A100 80GB PCIe,1,unknown,,5.221639154672623,0.9412999749183655
grid_tta2_ep9.0,4503c63e22d27982c195b23d3d9b3f96d19bc2be,,2,9.0,1024,11.5,0.85,0.0153,0.2,3,NVIDIA A100 80GB PCIe,1,unknown,,11.647644592285156,0.9406999945640564
grid_tta2_ep9.0,4503c63e22d27982c195b23d3d9b3f96d19bc2be,,2,9.0,1024,11.5,0.85,0.0153,0.2,3,NVIDIA A100 80GB PCIe,1,unknown,,3.8211640014648434,0.9355999827384949
grid_tta2_ep9.0,4503c63e22d27982c195b23d3d9b3f96d19bc2be,,2,9.0,1024,11.5,0.85,0.0153,0.2,3,NVIDIA A100 80GB PCIe,1,unknown,,3.7258061962127687,0.9347999691963196
grid_tta2_ep9.0,4503c63e22d27982c195b23d3d9b3f96d19bc2be,,2,9.0,1024,11.5,0.85,0.0153,0.2,3,NVIDIA A100 80GB PCIe,1,unknown,,3.7287212269306185,0.9373999834060669
grid_tta2_ep9.0,4503c63e22d27982c195b23d3d9b3f96d19bc2be,,2,9.0,1024,11.5,0.85,0.0153,0.2,3,NVIDIA A100 80GB PCIe,1,unknown,,3.8190248653888696,0.9380999803543091
grid_tta2_ep9.0,4503c63e22d27982c195b23d3d9b3f96d19bc2be,,2,9.0,1024,11.5,0.85,0.0153,0.2,3,NVIDIA A100 80GB PCIe,1,unknown,,3.8291989550590517,0.9386000037193298
grid_tta2_ep9.0,4503c63e22d27982c195b23d3d9b3f96d19bc2be,,2,9.0,1024,11.5,0.85,0.0153,0.2,3,NVIDIA A100 80GB PCIe,1,unknown,,3.8309164199829104,0.9371999502182007
grid_tta2_ep9.0,4503c63e22d27982c195b23d3d9b3f96d19bc2be,,2,9.0,1024,11.5,0.85,0.0153,0.2,3,NVIDIA A100 80GB PCIe,1,unknown,,3.8333711068630216,0.9391999840736389
grid_tta2_ep9.0,4503c63e22d27982c195b23d3d9b3f96d19bc2be,,2,9.0,1024,11.5,0.85,0.0153,0.2,3,NVIDIA A100 80GB PCIe,1,unknown,,3.822427719116211,0.9382999539375305
grid_tta2_ep9.0,4503c63e22d27982c195b23d3d9b3f96d19bc2be,,2,9.0,1024,11.5,0.85,0.0153,0.2,3,NVIDIA A100 80GB PCIe,1,unknown,,3.7364242177009586,0.9370999932289124
grid_tta2_ep9.9,4503c63e22d27982c195b23d3d9b3f96d19bc2be,,2,9.9,1024,11.5,0.85,0.0153,0.2,3,NVIDIA A100 80GB PCIe,1,unknown,,11.541490600585938,0.9402999877929688
grid_tta2_ep9.9,4503c63e22d27982c195b23d3d9b3f96d19bc2be,,2,9.9,1024,11.5,0.85,0.0153,0.2,3,NVIDIA A100 80GB PCIe,1,unknown,,4.158776404380799,0.9393999576568604
grid_tta2_ep9.9,4503c63e22d27982c195b23d3d9b3f96d19bc2be,,2,9.9,1024,11.5,0.85,0.0153,0.2,3,NVIDIA A100 80GB PCIe,1,unknown,,4.149240272521973,0.9405999779701233
grid_tta2_ep9.9,4503c63e22d27982c195b23d3d9b3f96d19bc2be,,2,9.9,1024,11.5,0.85,0.0153,0.2,3,NVIDIA A100 80GB PCIe,1,unknown,,4.064862957954407,0.9402999877929688
grid_tta2_ep9.9,4503c63e22d27982c195b23d3d9b3f96d19bc2be,,2,9.9,1024,11.5,0.85,0.0153,0.2,3,NVIDIA A100 80GB PCIe,1,unknown,,4.155277002811432,0.9395999908447266
grid_tta2_ep9.9,4503c63e22d27982c195b23d3d9b3f96d19bc2be,,2,9.9,1024,11.5,0.85,0.0153,0.2,3,NVIDIA A100 80GB PCIe,1,unknown,,4.1619535675048835,0.9396999478340149
grid_tta2_ep9.9,4503c63e22d27982c195b23d3d9b3f96d19bc2be,,2,9.9,1024,11.5,0.85,0.0153,0.2,3,NVIDIA A100 80GB PCIe,1,unknown,,4.151052878141403,0.9406999945640564
grid_tta2_ep9.9,4503c63e22d27982c195b23d3d9b3f96d19bc2be,,2,9.9,1024,11.5,0.85,0.0153,0.2,3,NVIDIA A100 80GB PCIe,1,unknown,,4.0757317833900455,0.9390999674797058
grid_tta2_ep9.9,4503c63e22d27982c195b23d3d9b3f96d19bc2be,,2,9.9,1024,11.5,0.85,0.0153,0.2,3,NVIDIA A100 80GB PCIe,1,unknown,,4.161284204721451,0.9375999569892883
grid_tta2_ep9.9,4503c63e22d27982c195b23d3d9b3f96d19bc2be,,2,9.9,1024,11.5,0.85,0.0153,0.2,3,NVIDIA A100 80GB PCIe,1,unknown,,4.158796249389649,0.9390999674797058
grid_tta2_ep11.0,4503c63e22d27982c195b23d3d9b3f96d19bc2be,,2,11.0,1024,11.5,0.85,0.0153,0.2,3,NVIDIA A100 80GB PCIe,1,unknown,,12.225943710327149,0.9408999681472778
grid_tta2_ep11.0,4503c63e22d27982c195b23d3d9b3f96d19bc2be,,2,11.0,1024,11.5,0.85,0.0153,0.2,3,NVIDIA A100 80GB PCIe,1,unknown,,4.4773850345611566,0.9419999718666077
grid_tta2_ep11.0,4503c63e22d27982c195b23d3d9b3f96d19bc2be,,2,11.0,1024,11.5,0.85,0.0153,0.2,3,NVIDIA A100 80GB PCIe,1,unknown,,4.550867747783661,0.9418999552726746
grid_tta2_ep11.0,4503c63e22d27982c195b23d3d9b3f96d19bc2be,,2,11.0,1024,11.5,0.85,0.0153,0.2,3,NVIDIA A100 80GB PCIe,1,unknown,,4.563194773197174,0.9422000050544739
grid_tta2_ep11.0,4503c63e22d27982c195b23d3d9b3f96d19bc2be,,2,11.0,1024,11.5,0.85,0.0153,0.2,3,NVIDIA A100 80GB PCIe,1,unknown,,4.56671189880371,0.9417999982833862
grid_tta2_ep11.0,4503c63e22d27982c195b23d3d9b3f96d19bc2be,,2,11.0,1024,11.5,0.85,0.0153,0.2,3,NVIDIA A100 80GB PCIe,1,unknown,,4.560459156513215,0.9422999620437622
grid_tta2_ep11.0,4503c63e22d27982c195b23d3d9b3f96d19bc2be,,2,11.0,1024,11.5,0.85,0.0153,0.2,3,NVIDIA A100 80GB PCIe,1,unknown,,4.4900375678539275,0.9399999976158142
grid_tta2_ep11.0,4503c63e22d27982c195b23d3d9b3f96d19bc2be,,2,11.0,1024,11.5,0.85,0.0153,0.2,3,NVIDIA A100 80GB PCIe,1,unknown,,4.567043765068054,0.9419999718666077
grid_tta2_ep11.0,4503c63e22d27982c195b23d3d9b3f96d19bc2be,,2,11.0,1024,11.5,0.85,0.0153,0.2,3,NVIDIA A100 80GB PCIe,1,unknown,,4.486030628919601,0.9424999952316284
grid_tta2_ep11.0,4503c63e22d27982c195b23d3d9b3f96d19bc2be,,2,11.0,1024,11.5,0.85,0.0153,0.2,3,NVIDIA A100 80GB PCIe,1,unknown,,4.488085556030274,0.941100001335144
grid_tta2_ep12.0,4503c63e22d27982c195b23d3d9b3f96d19bc2be,,2,12.0,1024,11.5,0.85,0.0153,0.2,3,NVIDIA A100 80GB PCIe,1,unknown,,12.521303894042967,0.9425999522209167
grid_tta2_ep12.0,4503c63e22d27982c195b23d3d9b3f96d19bc2be,,2,12.0,1024,11.5,0.85,0.0153,0.2,3,NVIDIA A100 80GB PCIe,1,unknown,,4.935538215637208,0.9435999989509583
grid_tta2_ep12.0,4503c63e22d27982c195b23d3d9b3f96d19bc2be,,2,12.0,1024,11.5,0.85,0.0153,0.2,3,NVIDIA A100 80GB PCIe,1,unknown,,4.854965739488602,0.9429000020027161
grid_tta2_ep12.0,4503c63e22d27982c195b23d3d9b3f96d19bc2be,,2,12.0,1024,11.5,0.85,0.0153,0.2,3,NVIDIA A100 80GB PCIe,1,unknown,,4.931150260448455,0.9417999982833862
grid_tta2_ep12.0,4503c63e22d27982c195b23d3d9b3f96d19bc2be,,2,12.0,1024,11.5,0.85,0.0153,0.2,3,NVIDIA A100 80GB PCIe,1,unknown,,4.955546338319778,0.9422000050544739
grid_tta2_ep12.0,4503c63e22d27982c195b23d3d9b3f96d19bc2be,,2,12.0,1024,11.5,0.85,0.0153,0.2,3,NVIDIA A100 80GB PCIe,1,unknown,,4.941566162824631,0.9457999467849731
grid_tta2_ep12.0,4503c63e22d27982c195b23d3d9b3f96d19bc2be,,2,12.0,1024,11.5,0.85,0.0153,0.2,3,NVIDIA A100 80GB PCIe,1,unknown,,4.944256607294083,0.9419999718666077
grid_tta2_ep12.0,4503c63e22d27982c195b23d3d9b3f96d19bc2be,,2,12.0,1024,11.5,0.85,0.0153,0.2,3,NVIDIA A100 80GB PCIe,1,unknown,,4.963416786432267,0.9438999891281128
grid_tta2_ep12.0,4503c63e22d27982c195b23d3d9b3f96d19bc2be,,2,12.0,1024,11.5,0.85,0.0153,0.2,3,NVIDIA A100 80GB PCIe,1,unknown,,4.877173560142517,0.943399965763092
grid_tta2_ep12.0,4503c63e22d27982c195b23d3d9b3f96d19bc2be,,2,12.0,1024,11.5,0.85,0.0153,0.2,3,NVIDIA A100 80GB PCIe,1,unknown,,4.959290046691895,0.9441999793052673
grid_tta2_ep13.0,4503c63e22d27982c195b23d3d9b3f96d19bc2be,,2,13.0,1024,11.5,0.85,0.0153,0.2,3,NVIDIA A100 80GB PCIe,1,unknown,,12.613094406127933,0.943399965763092
grid_tta2_ep13.0,4503c63e22d27982c195b23d3d9b3f96d19bc2be,,2,13.0,1024,11.5,0.85,0.0153,0.2,3,NVIDIA A100 80GB PCIe,1,unknown,,5.242437958478927,0.9449999928474426
grid_tta2_ep13.0,4503c63e22d27982c195b23d3d9b3f96d19bc2be,,2,13.0,1024,11.5,0.85,0.0153,0.2,3,NVIDIA A100 80GB PCIe,1,unknown,,5.328923851251602,0.9437999725341797
grid_tta2_ep13.0,4503c63e22d27982c195b23d3d9b3f96d19bc2be,,2,13.0,1024,11.5,0.85,0.0153,0.2,3,NVIDIA A100 80GB PCIe,1,unknown,,5.342087542295456,0.9451999664306641
grid_tta2_ep13.0,4503c63e22d27982c195b23d3d9b3f96d19bc2be,,2,13.0,1024,11.5,0.85,0.0153,0.2,3,NVIDIA A100 80GB PCIe,1,unknown,,5.337697877883911,0.9438999891281128
grid_tta2_ep13.0,4503c63e22d27982c195b23d3d9b3f96d19bc2be,,2,13.0,1024,11.5,0.85,0.0153,0.2,3,NVIDIA A100 80GB PCIe,1,unknown,,5.25525413608551,0.9425999522209167
grid_tta2_ep13.0,4503c63e22d27982c195b23d3d9b3f96d19bc2be,,2,13.0,1024,11.5,0.85,0.0153,0.2,3,NVIDIA A100 80GB PCIe,1,unknown,,5.3468093488216395,0.9448999762535095
grid_tta2_ep13.0,4503c63e22d27982c195b23d3d9b3f96d19bc2be,,2,13.0,1024,11.5,0.85,0.0153,0.2,3,NVIDIA A100 80GB PCIe,1,unknown,,5.347069724321365,0.9443999528884888
grid_tta2_ep13.0,4503c63e22d27982c195b23d3d9b3f96d19bc2be,,2,13.0,1024,11.5,0.85,0.0153,0.2,3,NVIDIA A100 80GB PCIe,1,unknown,,5.262078310012817,0.9402999877929688
grid_tta2_ep13.0,4503c63e22d27982c195b23d3d9b3f96d19bc2be,,2,13.0,1024,11.5,0.85,0.0153,0.2,3,NVIDIA A100 80GB PCIe,1,unknown,,5.263276482582093,0.9434999823570251
